{
    "zwembaden": [
        {
            "id": 1,
            "name": "Groenhoek"
        },
        {
            "id": 2,
            "name": "Veldstraat"
        },
        {
            "id": 3,
            "name": "Plantin_moretus"
        },
        {
            "id": 4,
            "name": "Sorghvliedt"
        },
        {
            "id": 5,
            "name": "De_schinde"
        },
        {
            "id": 6,
            "name": "Arena"
        },
        {
            "id": 7,
            "name": "Ieperman"
        },
        {
            "id": 8,
            "name": "Wezenberg"
        }
    ],
    "uren": [
        {
            "zwembadId": 1,
            "uren": [
                "6:30-7:00",
                "7:00-7:30",
                "7:30-8:00",
                "8:00:8:30",
                "8:30-9:00",
                "9:00:9:30",
                "9:30-10:00"
            ]
        },
        {
            "zwembadId": 2,
            "uren": [
                "8:00-8:30",
                "8:30-9:00",
                "9:00-9:30",
                "16:00-16:30",
                "16:30-17:00"
            ]
        },
        {
            "zwembadId": 3,
            "uren": [
                "6:30-7:00",
                "7:00-7:30",
                "7:30-8:00",
                "8:00:8:30",
                "8:30-9:00",
                "9:00:9:30",
                "9:30-10:00"
            ]
        },
        {
            "zwembadId": 4,
            "uren": [
                "8:00-8:30",
                "8:30-9:00",
                "9:00-9:30",
                "16:00-16:30",
                "16:30-17:00"
            ]
        },
        {
            "zwembadId": 5,
            "uren": [
                "6:30-7:00",
                "7:00-7:30",
                "7:30-8:00",
                "8:00:8:30",
                "8:30-9:00",
                "9:00:9:30",
                "9:30-10:00"
            ]
        },
        {
            "zwembadId": 6,
            "uren": [
                "8:00-8:30",
                "8:30-9:00",
                "9:00-9:30",
                "16:00-16:30",
                "16:30-17:00"
            ]
        },
        {
            "zwembadId": 7,
            "uren": [
                "6:30-7:00",
                "7:00-7:30",
                "7:30-8:00",
                "8:00:8:30",
                "8:30-9:00",
                "9:00:9:30",
                "9:30-10:00"
            ]
        },
        {
            "zwembadId": 8,
            "uren": [
                "8:00-8:30",
                "8:30-9:00",
                "9:00-9:30",
                "16:00-16:30",
                "16:30-17:00"
            ]
        }
    ]
}